<edmx:Edmx xmlns:edmx="http://schemas.microsoft.com/ado/2007/06/edmx"
	xmlns:m="http://schemas.microsoft.com/ado/2007/08/dataservices/metadata" xmlns:sap="http://www.sap.com/Protocols/SAPData" Version="1.0">
	<edmx:DataServices m:DataServiceVersion="2.0">
		<Schema xmlns="http://schemas.microsoft.com/ado/2008/09/edm" Namespace="ZINT_TRIAL_SALES_SRV" xml:lang="tr" sap:schema-version="1">
			<EntityType Name="Subscription" sap:semantics="subscriptions" sap:content-version="1">
				<Key><PropertyRef Name="ID"/></Key><Property Name="ID" Type="Edm.String" Nullable="false" MaxLength="32" sap:label="Sub. ID" sap:creatable="false" sap:updatable="false"
					sap:filterable="false"/><Property Name="user" Type="Edm.String" MaxLength="12" m:FC_TargetPath="SyndicationAuthorName" m:FC_KeepInContent="false"
					sap:label="Kullanıcı adı" sap:creatable="false" sap:filterable="false"/><Property Name="updated" Type="Edm.DateTime" Precision="0" m:FC_TargetPath="SyndicationUpdated" m:FC_KeepInContent="false"
					sap:label="Zaman damgası" sap:creatable="false" sap:filterable="false"/><Property Name="title" Type="Edm.String" MaxLength="255" m:FC_TargetPath="SyndicationTitle" m:FC_KeepInContent="false" sap:label="Title"
					sap:filterable="false"/><Property Name="deliveryAddress" Type="Edm.String" sap:label="Delivery Address" sap:filterable="false"/><Property Name="persistNotifications" Type="Edm.Boolean" sap:label="Persist Notification" sap:filterable="false"/><Property Name="collection" Type="Edm.String" MaxLength="40" sap:label="Collection" sap:filterable="false"/><Property Name="filter" Type="Edm.String" sap:label="Filter" sap:filterable="false"/><Property Name="select" Type="Edm.String" MaxLength="255" sap:label="Select" sap:filterable="false"/><Property Name="changeType" Type="Edm.String" MaxLength="30" sap:label="Change Type"/></EntityType>
			<EntityType Name="Notification" sap:semantics="notifications" sap:content-version="1">
				<Key><PropertyRef Name="ID"/></Key><Property Name="ID" Type="Edm.String" Nullable="false" MaxLength="32" sap:label="Notification ID"/><Property Name="collection" Type="Edm.String" MaxLength="40" sap:label="Collection"/><Property Name="title" Type="Edm.String" m:FC_TargetPath="SyndicationTitle" m:FC_KeepInContent="false" sap:label="Notif. Text"/><Property Name="updated" Type="Edm.DateTime" Precision="0" m:FC_TargetPath="SyndicationUpdated" m:FC_KeepInContent="false"
					sap:label="Zaman damgası"/><Property Name="changeType" Type="Edm.String" MaxLength="30" sap:label="Change Type"/><Property Name="entriesOfInterest" Type="Edm.Int32" sap:label="No. of Entries"/><Property Name="recipient" Type="Edm.String" MaxLength="112" sap:label="Recipient" sap:creatable="false" sap:updatable="false"/></EntityType>
			<EntityType Name="SalesHeader" sap:content-version="1">
				<Key><PropertyRef Name="Vbeln"/></Key><Property Name="Vbeln" Type="Edm.String" Nullable="false" MaxLength="10" sap:label="Satış belgesi"/><Property Name="Erdat" Type="Edm.DateTime" Precision="7" sap:label="Yaratma trh."/><Property Name="Ernam" Type="Edm.String" MaxLength="12" sap:label="Yaratan"/><Property Name="Netwr" Type="Edm.Decimal" Precision="16" Scale="3" sap:unit="Waerk" sap:label="Net değer"/><Property Name="Waerk" Type="Edm.String" MaxLength="5" sap:label="Belge PB" sap:semantics="currency-code"/><Property Name="Vkorg" Type="Edm.String" MaxLength="4" sap:label="Satış org."/></EntityType>
			<EntityContainer Name="ZINT_TRIAL_SALES_SRV_Entities" m:IsDefaultEntityContainer="true" sap:supported-formats="atom json xlsx"><EntitySet Name="SubscriptionCollection" EntityType="ZINT_TRIAL_SALES_SRV.Subscription" sap:content-version="1"/><EntitySet Name="NotificationCollection" EntityType="ZINT_TRIAL_SALES_SRV.Notification" sap:creatable="false" sap:updatable="false"
				sap:deletable="false" sap:addressable="false" sap:content-version="1"/><EntitySet Name="SalesHeaderSet" EntityType="ZINT_TRIAL_SALES_SRV.SalesHeader" sap:searchable="true" sap:requires-filter="true"
				sap:content-version="1"/></EntityContainer><atom:link xmlns:atom="http://www.w3.org/2005/Atom" rel="self" href="./sap/ZINT_TRIAL_SALES_SRV/$metadata"/><atom:link xmlns:atom="http://www.w3.org/2005/Atom" rel="latest-version" href="./sap/ZINT_TRIAL_SALES_SRV/$metadata"/></Schema>
	</edmx:DataServices>
</edmx:Edmx>