{
	"orders": [
		{
			"orderId": 0,
			"orderName": "Order 1",
			"products": [
				{
					"productId": 0,
					"productName": "Product 1-A"
				},
				{
					"productId": 1,
					"productName": "Product 1-B"
				},
				{
					"productId": 2,
					"productName": "Product 1-C"
				},
				{
					"productId": 3,
					"productName": "Product 1-D"
				},
				{
					"productId": 4,
					"productName": "Product 1-F"
				}
			]
		},
		{
			"orderId": 1,
			"orderName": "Order 2",
			"products": [
				{
					"productId": 0,
					"productName": "Product 2-A"
				},
				{
					"productId": 1,
					"productName": "Product 2-B"
				},
				{
					"productId": 2,
					"productName": "Product 2-C"
				},
				{
					"productId": 3,
					"productName": "Product 2-D"
				},
				{
					"productId": 4,
					"productName": "Product 2-F"
				}
			]
		}
	]
}